{
  "scenario_id": "C01",
  "group_count": 0,
  "group_probability": null,
  "group_ci_low": null,
  "group_ci_high": null,
  "selected_weight_normalized": 1.0,
  "scenario_type": "consensus_marginal",
  "selection_note": "Constructed from each group's modal order and the eight groups with the largest third-place qualification probability; not an exact sampled scenario.",
  "knockout_initial_elos_source": "unconditional_group_terminal_mean_n=100000",
  "knockout_initial_elos": {
    "Mexico": 1874.1394600346816,
    "South Africa": 1575.4395618457768,
    "South Korea": 1770.143207826158,
    "Czech Republic": 1718.2777702933474,
    "Canada": 1765.1640573360353,
    "Bosnia and Herzegovina": 1642.7612243955946,
    "Qatar": 1402.5467046964077,
    "Switzerland": 1886.5280135721393,
    "Brazil": 1969.5852316990515,
    "Morocco": 1891.3091548176953,
    "Haiti": 1573.6878329547135,
    "Scotland": 1773.4177805284712,
    "United States": 1741.376502219571,
    "Paraguay": 1831.9850153481093,
    "Australia": 1797.0550767639204,
    "Turkey": 1916.5834056683302,
    "Germany": 1918.4091825678777,
    "Curaçao": 1567.5268830504206,
    "Ivory Coast": 1778.003516622133,
    "Ecuador": 1935.0604177595199,
    "Netherlands": 1912.8821426134325,
    "Japan": 1914.8108519259297,
    "Sweden": 1648.3173899527412,
    "Tunisia": 1661.98961550791,
    "Belgium": 1911.0017751040843,
    "Egypt": 1730.7097416345644,
    "Iran": 1765.2387147737065,
    "New Zealand": 1523.0497684874904,
    "Spain": 2129.602457212529,
    "Cape Verde": 1608.0346854092775,
    "Saudi Arabia": 1598.5913471719261,
    "Uruguay": 1871.7715102062837,
    "France": 2040.1233293933303,
    "Senegal": 1886.8981081422726,
    "Iraq": 1714.2157728770703,
    "Norway": 1923.7627895874107,
    "Argentina": 2062.9968237595217,
    "Algeria": 1803.3401335779843,
    "Austria": 1844.1432956720428,
    "Jordan": 1688.519746990454,
    "Portugal": 1931.5406646772576,
    "Dem. Rep. of Congo": 1739.2524444335022,
    "Uzbekistan": 1735.0592834748043,
    "Colombia": 1981.1476074144798,
    "England": 1981.2986952259484,
    "Croatia": 1901.8228394386638,
    "Ghana": 1586.825216538498,
    "Panama": 1750.0532487969538
  },
  "annex_c_option": 37,
  "advanced_third_groups": [
    "C",
    "D",
    "E",
    "F",
    "G",
    "I",
    "K",
    "L"
  ],
  "group_rankings": {
    "A": [
      "Mexico",
      "South Korea",
      "Czech Republic",
      "South Africa"
    ],
    "B": [
      "Canada",
      "Switzerland",
      "Bosnia and Herzegovina",
      "Qatar"
    ],
    "C": [
      "Brazil",
      "Morocco",
      "Scotland",
      "Haiti"
    ],
    "D": [
      "Turkey",
      "United States",
      "Paraguay",
      "Australia"
    ],
    "E": [
      "Ecuador",
      "Germany",
      "Ivory Coast",
      "Curaçao"
    ],
    "F": [
      "Japan",
      "Netherlands",
      "Tunisia",
      "Sweden"
    ],
    "G": [
      "Belgium",
      "Iran",
      "Egypt",
      "New Zealand"
    ],
    "H": [
      "Spain",
      "Uruguay",
      "Cape Verde",
      "Saudi Arabia"
    ],
    "I": [
      "France",
      "Senegal",
      "Norway",
      "Iraq"
    ],
    "J": [
      "Argentina",
      "Austria",
      "Algeria",
      "Jordan"
    ],
    "K": [
      "Colombia",
      "Portugal",
      "Dem. Rep. of Congo",
      "Uzbekistan"
    ],
    "L": [
      "England",
      "Croatia",
      "Panama",
      "Ghana"
    ]
  },
  "qualifiers": {
    "A1": "Mexico",
    "A2": "South Korea",
    "A3": "Czech Republic",
    "B1": "Canada",
    "B2": "Switzerland",
    "B3": "Bosnia and Herzegovina",
    "C1": "Brazil",
    "C2": "Morocco",
    "C3": "Scotland",
    "C3q": "Scotland",
    "D1": "Turkey",
    "D2": "United States",
    "D3": "Paraguay",
    "D3q": "Paraguay",
    "E1": "Ecuador",
    "E2": "Germany",
    "E3": "Ivory Coast",
    "E3q": "Ivory Coast",
    "F1": "Japan",
    "F2": "Netherlands",
    "F3": "Tunisia",
    "F3q": "Tunisia",
    "G1": "Belgium",
    "G2": "Iran",
    "G3": "Egypt",
    "G3q": "Egypt",
    "H1": "Spain",
    "H2": "Uruguay",
    "H3": "Cape Verde",
    "I1": "France",
    "I2": "Senegal",
    "I3": "Norway",
    "I3q": "Norway",
    "J1": "Argentina",
    "J2": "Austria",
    "J3": "Algeria",
    "K1": "Colombia",
    "K2": "Portugal",
    "K3": "Dem. Rep. of Congo",
    "K3q": "Dem. Rep. of Congo",
    "L1": "England",
    "L2": "Croatia",
    "L3": "Panama",
    "L3q": "Panama"
  },
  "r32_matches": [
    {
      "match_no": 73,
      "round": "R32",
      "source1": "A2",
      "source2": "B2",
      "team1": "South Korea",
      "team2": "Switzerland"
    },
    {
      "match_no": 74,
      "round": "R32",
      "source1": "E1",
      "source2": "3D",
      "team1": "Ecuador",
      "team2": "Paraguay"
    },
    {
      "match_no": 75,
      "round": "R32",
      "source1": "F1",
      "source2": "C2",
      "team1": "Japan",
      "team2": "Morocco"
    },
    {
      "match_no": 76,
      "round": "R32",
      "source1": "C1",
      "source2": "F2",
      "team1": "Brazil",
      "team2": "Netherlands"
    },
    {
      "match_no": 77,
      "round": "R32",
      "source1": "I1",
      "source2": "3F",
      "team1": "France",
      "team2": "Tunisia"
    },
    {
      "match_no": 78,
      "round": "R32",
      "source1": "E2",
      "source2": "I2",
      "team1": "Germany",
      "team2": "Senegal"
    },
    {
      "match_no": 79,
      "round": "R32",
      "source1": "A1",
      "source2": "3C",
      "team1": "Mexico",
      "team2": "Scotland"
    },
    {
      "match_no": 80,
      "round": "R32",
      "source1": "L1",
      "source2": "3K",
      "team1": "England",
      "team2": "Dem. Rep. of Congo"
    },
    {
      "match_no": 81,
      "round": "R32",
      "source1": "D1",
      "source2": "3E",
      "team1": "Turkey",
      "team2": "Ivory Coast"
    },
    {
      "match_no": 82,
      "round": "R32",
      "source1": "G1",
      "source2": "3I",
      "team1": "Belgium",
      "team2": "Norway"
    },
    {
      "match_no": 83,
      "round": "R32",
      "source1": "K2",
      "source2": "L2",
      "team1": "Portugal",
      "team2": "Croatia"
    },
    {
      "match_no": 84,
      "round": "R32",
      "source1": "H1",
      "source2": "J2",
      "team1": "Spain",
      "team2": "Austria"
    },
    {
      "match_no": 85,
      "round": "R32",
      "source1": "B1",
      "source2": "3G",
      "team1": "Canada",
      "team2": "Egypt"
    },
    {
      "match_no": 86,
      "round": "R32",
      "source1": "J1",
      "source2": "H2",
      "team1": "Argentina",
      "team2": "Uruguay"
    },
    {
      "match_no": 87,
      "round": "R32",
      "source1": "K1",
      "source2": "3L",
      "team1": "Colombia",
      "team2": "Panama"
    },
    {
      "match_no": 88,
      "round": "R32",
      "source1": "D2",
      "source2": "G2",
      "team1": "United States",
      "team2": "Iran"
    }
  ]
}